theta0,theta1
8499.472555386124,-0.02144775488704032
