theta0,theta1
50.22931486348035,1.1264777734188105
